<?xml version="1.0" encoding="UTF-8"?>
<chapter xmlns="http://docbook.org/ns/docbook"
    xmlns:xi="http://www.w3.org/2001/XInclude"
    xmlns:xlink="http://www.w3.org/1999/xlink" version="5.0"
    xml:id="ch_installing-openstack-object-storage">
        <title>Installing OpenStack Object Storage </title>
        <para>The OpenStack Object Storage services work together to provide object storage and retrieval through a REST API.</para>
         
    <xi:include href="object-storage-sys-requirements.xml" />
    <xi:include href="object-storage-network-planning.xml" />
    <xi:include href="example-object-storage-install-arch.xml" />
    <xi:include href="object-storage-install-ubuntu.xml" />
    <xi:include href="install-config-storage-nodes.xml" />
    <xi:include href="install-config-proxy-node.xml" />
    <xi:include href="configuring-object-storage-basics.xml" />
    
    </chapter>
