<?xml version="1.0" encoding="UTF-8"?>
<chapter xmlns="http://docbook.org/ns/docbook"
    xmlns:xi="http://www.w3.org/2001/XInclude"
    xmlns:xlink="http://www.w3.org/1999/xlink" version="5.0"
    xml:id="ch_install-dashboard">
    
    <title>Installing the OpenStack Dashboard</title>
    
    <para>OpenStack has components that provide a view of the
        OpenStack installation such as a Django-built website that
        serves as a dashboard.</para>
    <section xml:id="about-the-dashboard">
        <title>About the Dashboard</title>
        <para>You can use a dashboard interface with an OpenStack Compute installation with a web-based
            console provided by the Openstack-Dashboard project. It provides web-based interactions with the OpenStack
            Compute cloud controller through the OpenStack APIs. For more information about the Openstack-Dashboard project,
            please visit: <link xlink:href="https://github.com/4P/horizon/tree/master/openstack-dashboard"
                >https://github.com/4P/horizon/</link>. These instructions are for an example deployment configured
            with an Apache web server. </para>
        </section>
    <xi:include href="dashboard-system-reqs.xml"/>
    <xi:include href="dashboard-install.xml"/>
    <xi:include href="dashboard-configure.xml"/>
    <xi:include href="dashboard-verify.xml"/>
    
</chapter>
