<?xml version="1.0" encoding="UTF-8"?>
<chapter xmlns="http://docbook.org/ns/docbook"
    xmlns:xi="http://www.w3.org/2001/XInclude"
    xmlns:xlink="http://www.w3.org/1999/xlink" version="5.0"
    xml:id="ch_installing-openstack-compute-image">
    <title>Installing OpenStack Compute and Image Service</title>
    <para>The OpenStack Compute and Image services work together to provide access to virtual servers and images through REST APIs.</para>
    <xi:include href="install-config-glance.xml" />
    <xi:include href="configure-creds.xml" />
    <xi:include href="images-verifying-install.xml" />
    <xi:include href="compute-assumptions-installation.xml" />
    <xi:include href="compute-config-guest-network.xml" />
    <xi:include href="compute-database-mysql.xml"/>
    <!--    <xi:include href="compute-database-postgresql.xml" /> -->   
    <xi:include href="compute-cloud-controller.xml" />
    <xi:include href="compute-minimum-configuration.xml" />
    <xi:include href="compute-db-sync.xml"/>
    <xi:include href="compute-create-network.xml" />
    <xi:include href="compute-verifying-install.xml" />
    
    <!--<xi:include href="installing-additional-compute-nodes.xml" />-->
    <!--<xi:include href="nova-manage-initial-user-project.xml" />-->
    <!--<xi:include href="enable-access-security-group.xml" />-->
    <!--<xi:include href="compute-migrating-from-cactus-to-diablo.xml"/>-->
    
    </chapter>
