<?xml version="1.0" encoding="UTF-8"?>
<section xml:id="iso-ubuntu-installation"
    xmlns="http://docbook.org/ns/docbook"
    xmlns:xi="http://www.w3.org/2001/XInclude"
    xmlns:xlink="http://www.w3.org/1999/xlink" version="5.0">
    <title>Compute ISO Distribution Installation</title>
    <para>You can download and use an ISO image that is based on a Ubuntu Linux Server 10.04
        LTS distribution containing only the components needed to run OpenStack Compute. See
        <link xlink:href="http://sourceforge.net/projects/stackops/files/"
            >http://sourceforge.net/projects/stackops/files/</link> for download files and
        information, license information, and a README file. For documentation on the
        StackOps distro, see <link xlink:href="http://docs.stackops.org">http://docs.stackops.org</link>. For free support, go to
        <link xlink:href="http://getsatisfaction.com/stackops">http://getsatisfaction.com/stackops</link>.</para></section>
        