<?xml version="1.0" encoding="UTF-8"?>
<section xml:id="installing-the-cloud-controller"
    xmlns="http://docbook.org/ns/docbook"
    xmlns:xi="http://www.w3.org/2001/XInclude"
    xmlns:xlink="http://www.w3.org/1999/xlink" version="5.0">
    <title>Installing the Cloud Controller</title>
    <para>Install
        the messaging queue server, RabbitMQ.</para>
    <literallayout class="monospaced">sudo apt-get install rabbitmq-server</literallayout>
    <para>Install the required nova- packages, and dependencies are automatically
        installed.</para>
    <literallayout class="monospaced">sudo apt-get install nova-compute nova-volume nova-vncproxy nova-api nova-ajax-console-proxy nova-doc nova-scheduler nova-network</literallayout>
    <!--<para>Install the supplemental tool unzip.</para>
        <literallayout class="monospaced">sudo apt-get install unzip</literallayout>-->
    <para>Next set up the database, either MySQL or PostgreSQL,
        with a database named "nova" and a user named "nova"
        granting the "nova" user full access to the database. This
        example goes through MySQL but you can refer to the
        Compute Admin Manual for PostgreSQL instructions.</para>
</section>
