<?xml version="1.0" encoding="UTF-8"?>
<section xml:id="compute-verifying-install"
    xmlns="http://docbook.org/ns/docbook"
    xmlns:xi="http://www.w3.org/2001/XInclude"
    xmlns:xlink="http://www.w3.org/1999/xlink" version="5.0">            
            <title>Verifying the Compute Installation</title>
    <para>You can ensure all the Compute services are running by using the nova-manage command:</para>        
    <literallayout class="monospaced">sudo nova-manage service list</literallayout>
    <para>In return you should see "smiley faces" rather than three X symbols. Here's an example.</para>
    <literallayout class="monospaced">Binary           Host                                 Zone             Status     State Updated_At
nova-scheduler   ubuntu                               nova             enabled    :-)   2011-12-23 17:43:56.492606
nova-vncproxy    ubuntu                               nova             enabled    :-)   2011-12-23 17:43:55.559948
nova-network     ubuntu                               nova             enabled    :-)   2011-12-23 17:43:58.159612
nova-compute     ubuntu                               nova             enabled    :-)   2011-12-23 17:43:58.313404</literallayout>
    <para>You can find the version of the installation by using the nova-manage
                command:</para>
            <literallayout class="monospaced">sudo nova-manage version list</literallayout>
        
        <para>The version number 2011.3 corresponds with the Diablo release of Compute.</para>
    
    <literallayout class="monospaced">2011.3 (2011.3-LOCALBRANCH:LOCALREVISION)</literallayout>
    </section>
