<?xml version="1.0" encoding="UTF-8"?>
<section xml:id="installing-openstack-dashboard"
    xmlns="http://docbook.org/ns/docbook"
    xmlns:xi="http://www.w3.org/2001/XInclude"
    xmlns:xlink="http://www.w3.org/1999/xlink" version="5.0">
    
    <title>Installing the OpenStack Dashboard</title>
    <para>Here are the overall steps for creating the OpenStack
        dashboard.</para>
    
    <orderedlist>
        <listitem><para>Install the OpenStack Dashboard framework including Apache and related modules.</para></listitem>
        <listitem>
            <para>Configure the Dashboard.</para>
        </listitem>
       <listitem>
            <para>Restart and run the Apache server.</para>
        </listitem>
    </orderedlist>
    <para>Install the OpenStack Dashboard. </para>
        <literallayout class="monospaced">sudo apt-get install openstack-dashboard openstackx python-sqlite</literallayout>  
        <para>Enable the rewrite module for apache: sudo a2enmod rewrite</para>
        <literallayout class="monospaced">sudo a2enmod rewrite</literallayout>
        <para>Next, create a symbolic link to "dash" with the Apache2
        Enable site utility (a2ensite). </para>
        <literallayout class="monospaced">sudo a2ensite dash</literallayout>
        <para>Disable the "default" site so that the Dashboard can come up as the Apache site's default.</para>
        <literallayout class="monospaced">sudo a2dissite default</literallayout>
    
    </section>
