<?xml version="1.0" encoding="UTF-8"?>
<section  xml:id="verify-dashboard"
    xmlns="http://docbook.org/ns/docbook"
    xmlns:xi="http://www.w3.org/2001/XInclude"
    xmlns:xlink="http://www.w3.org/1999/xlink" version="5.0">
    <title>Validating the Dashboard Install</title>
<para>To validate the Dashboard installation, point your browser at
        http://192.168.206.130. Note that you cannot use VNC Console
        from a Chrome browser. You need both Flash installed and a
        Firefox browser . Once you connect to the Dashboard with the
        URL, you should see a login window. Enter the credentials for
        users you created with the Identity Service, Keystone. For
        example, enter "admin" for the username and "secretword" as
        the password.</para>
<mediaobject>
    <imageobject role="fo">
        <imagedata fileref="figures/dashboard-overview.png"
            format="PNG" scale="30"/>
    </imageobject>
    <imageobject role="html">
        <imagedata fileref="figures/dashboard-overview.png"
            format="PNG" />
    </imageobject>
</mediaobject></section>
