<?xml version="1.0" encoding="UTF-8"?>
<section xml:id="dashboard-system-requirements"
    xmlns="http://docbook.org/ns/docbook"
    xmlns:xi="http://www.w3.org/2001/XInclude"
    xmlns:xlink="http://www.w3.org/1999/xlink" version="5.0">
    <title>System Requirements for the Dashboard</title>
    <para>Because Apache does not serve content from a root user, you must use another user with sudo privileges and run as that user.</para>
    <para>You should have a running OpenStack Compute installation with the Identity Service, Keystone,
    enabled for identity management. </para>
    <para>The dashboard needs to be installed on the node that can contact the Identity Service.</para>
    <para>You should know the URL of your Identity endpoint and the Compute endpoint. </para>
    <para>You must know the credentials of a valid Identity service user.</para>
    <para>You must have git installed. It's straightforward to install it with sudo
        apt-get install git-core. </para>
    <para>Python 2.6 is required, and these instructions have been tested with Ubuntu 10.10. It
        should run on any system with Python 2.6 or 2.7 that is capable of running Django
        including Mac OS X (installing prerequisites may differ depending on platform). </para>
    <para>Optional components:</para>
    
    <itemizedlist>
        <listitem><para>An Image Store (<emphasis role="italic">Glance</emphasis>) endpoint.</para></listitem>
        <listitem><para>An Object Store (<emphasis role="italic">Swift</emphasis>) endpoint.</para></listitem>
        <listitem><para>A <link xlink:href="http://wiki.openstack.org/Quantum">Quantum</link> (networking) endpoint.</para></listitem>
    </itemizedlist>
</section>
